appclass,application
IM,bYgZ7fdgKfHan/cMGw53vG38/Bs=
IM,vFJcnlW+X3FvJne9ZM2Zhxh7bAA=
IM,ZCC/v0R0aFYPf/W4FmwFK+0IE8w=
IM,f25DC11VpTinPRsg96CWjiR6NiQ=
IM,TtCsq/coR0EJMmlZG+4B/Bh93tQ=
IM,OLo8LKoEzB2V/pAA38S4Y4afWto=
IM,6qviJiawqIjQDpD+leDqB68+REc=
IM,xNgngTOR1SBMM0exnt+WSdQFllE=
IM,RSo7T9IEItOjSOK+78tMaotoqZE=
P2P,+M8BRZv1FcCOFE5afcUf7X5tMFA=
P2P,YAIvVQ9lKeeGCktPmGZPmd6iMjU=
P2P,vd8j+OAERd2I7mtgEVr2ONbaDkQ=
Tunnel,4jjxwqbdop4mKJE7uaPwU4Wp5mU=
Webmail,6r35ThOZb1ehJNIvjVsf2lAVYwc=
Webmail,Myxqrf3ynVO78bNd5Q6e5iLrI5E=
Webmail,Mz0S21dlFSdtr1NZ/efNfB3E/U4=
Webmail,MEY8dk6CkbyNY3sb4qAtQCrfP9o=
Webmail,URgbZpieH1CvcYQRMfMilVabBug=
Webmail,Cq6gSv9RRSKCU2+Qiy6fiDv5gqU=
Webmail,dvRyz4ScBww8N9HGTTlPhOjLL4U=
Webmail,ZDaSY0++7WLAHUgSVK6/0jr8/9U=
Webmail,nhSh2NnBSBmpL42r+3+70/iz5aM=
Webmail,bPQmJoS4eSXLtef2R62MDU3uHkU=
Webmail,3waHkm7fxo3FwqTD5No3DdbCoZw=
Webmail,1Z0qEcSh0PBbZJBaxOFlsBx/eSY=
Webmail,ASXH8DNRGXB6/Lpp1uA30s6nZD4=
Webmail,H2i5GJCc91CcAgZILbnrukz4RF4=
Webmail,1p3J1dwkW9i+nNrrvWLnSEirOt4=
Webmail,JMLyvgcMw1UVbxOlwZDEcCtl9zo=
Webmail,Z/mvVbIU1mziZDZDHZQpWeitRr4=
Webmail,xR9vRR2uxLDUhYrFRnC0W9F01Qc=
Webmail,SLXgQWfhFCPi7Z7ziFE87v1WhVE=
Webmail,6KR5RBLPnIZvIhiqyPq7GkwyOVQ=
Webmail,lzQe10eCXp/nSmMV15nD58WQa6E=
Business,5cF/ckDTnsGipdR1R0RnZzJtCXE=
Business,gMlHUoVLuTH5rKqC+K6vt1ubt4s=
Business,C++ECsIKhMVFXHHYW2m9JgTZMGI=
Business,u/p3PlpjpepYybYgfmCMoBIOWSo=
Business,HG99oSpl6uGomXW4UUBppi3ZH/c=
Business,HQLkiSBhYaQ3nNlsPRPfu6yK5D0=
Business,9Osv32jxcf+rDvM/Cucz9pQTrkE=
Business,rSAqb40B6sXNA+aEf47LfqQ5zPo=
Business,ePDedgiNH13osO1yO7102N0nzQs=
Business,zH1sgRXr32cfWBmgLYqVTKQin0A=
Business,F/Iovn+u94FfVHVzflX4/73StLY=
Business,rog8/tbFG+JFGrRHCoAJATp6eXM=
Business,Jtuwg62qfC34VNCS9TA5IbOuM+k=
Business,BxMutJ0UNnRnZkDj2pv2Gwp+jR4=
Business,tL3hbJ6mxFtm1WpaZsoUPL+5m+A=
Business,SzjBp1WK8vcO6QDzZ9En9ynBn+M=
Business,xI5tjcl837aaKDCkLPQlCfa98DI=
Business,zu03AI40dGMXCHsNGGhgAWYxoOA=
Business,UTHQgqkD5RZ1acbIFmUsLVpXuBo=
Business,Due8Qp7XWY9DeCFnWRw68qEBK4k=
Business,qWi9OiHllWp8lp4hAZBlLXlyFPg=
Business,+xoP34J7b7jyjyDXuanxDlfBzuM=
Business,QXaaaw0v4ypyDiFYYwNxXNe5WD0=
Business,R5IL+J0DRPmrgc2BrolzqtYdXx8=
Business,Jg3GQjn0fPM5XUJwG3xjdSGDemM=
Business,tutDraZGS1TO2XVKoUzuWe6Dt5o=
Business,ugj5v4jBaPfAS2So4sQRNztNFA8=
Business,atnVkC2r0eZQJx/Q5+ui0C7+Ti4=
Business,rDPGwkbmqTQTXVkoQLQDMdE3zoM=
Business,anNG0xaLolZ/FKZMyVI4s1y0/Vk=
Business,f0Z0LTgmgivwICvA22S3XGMBO3Y=
Business,alQ9/VkB9nu/2YSZvgRogfW+zs8=
Business,aGuSyvieCcpH6H/Tn5SZ1UbUuLg=
Business,X0s+mx9D3e4wIpfhmCkVRcjST2Y=
Business,KQaAsGK294UNXRlgnFYMwo51PDM=
Business,ElmJPM0QH5vP8pUf2KsMX7GymOI=
Business,UNvltl/ojbWCP2eFPpIdLHiMjDY=
Business,2iodcv7gvo3brNdtLF7fn+vSWek=
Business,ihPtfYMrohOV/Wtz5EELSEnL7g0=
Business,Mf9X48mcFlcAjz+UbA4hStO/5sQ=
Business,uCHuYYk0zy52MyZDzXcCisw9VP8=
Business,7C30pGG5gVA197D2iWwJRqEUfY0=
Business,0NHrzo4tijVq5YF1xJc3awJ80Vk=
Business,HZIyVUZ3EW2DvCiHanx92ZkgUdo=
Business,UaQmeZpS30lV5Dmovvc8RvVl5MI=
Business,BMBN/VHQu8EKgHmJdqUShch/5Qo=
Business,tc25+Obu2Ek64bpDG0ib/duOLMY=
Business,WBpGldHWVt0J5Y0iQsYF0Z9nesk=
Business,W7Ll7JG9YwkD/1OWjxcT9QhYs+8=
Business,5uF0bz5VbAWHApcX0C074Wg1DoM=
Business,v8kj3qK7ARXrxKrDM2eSsZoYeMA=
Business,UbfaVOT2PFfKtd6PCq68yzvmKGM=
Business,oFNg4cAHMgYcWQQxRnwuaILNexI=
Business,TMrfj4DlRsUmmBOlpJoitjUsVL4=
Business,YUXrsbOByTcW68gJOAK/ZWo1JIY=
Business,2HHK1bMDvXq+V8Wze1H/J5RdS54=
WebSearch,hn6bdwY7KV72EQaLc2aJS7urfg8=
WebSearch,XAhOltDiQivmDF6pk+MmMvOXKv0=
WebSearch,beIcGXouDnXS81/p9xiR+t0K98I=
WebSearch,4bM6ZN5/o0PQPdY6BBqKUWTyAus=
WebSearch,3p7wTttcLn+d/n+fgho0kU4kggw=
WebSearch,zZW1r2eqP1UZJ3NnYxNKIz3P4+I=
WebSearch,7VVmpYWUnMMqe+xDHOD7Fv0VJCo=
WebSearch,pGPuUwHn8eMFqP4kBZa02TTRpGQ=
Enterprise,mzy+1cSQwHRzVGqIdouim3h+nlI=
Enterprise,QJ81JzECN7uO89Q4RlSdUILonr4=
Enterprise,mBDEliobkfHphQzPiEwxWNn2AHA=
Enterprise,Qws4v22qf5FksWSy/9VAtaOv4v0=
Enterprise,hXeDC17ecfVUdHb4HwURIZtLbH0=
Enterprise,T3lVNgxBTtR3wcQh7UMGrKjh8qc=
Enterprise,V+1a3hx2Vze6cs9yKhJQCsyEQ/E=
Enterprise,Up1LaJGJq16UwCHcRRyax6Swg2U=
Enterprise,vpnxNgVcKNI1hu6+mVbp0xbqOHY=
Enterprise,gp+87D8vjMi092BUkc5RquIb8ds=
Enterprise,tF6lnmIbyLSm2UdfsEG8DTuwy4k=
Enterprise,idwkt19aYPxpgnOOzgZxQHZ8NVU=
Enterprise,HVK+4xj2e8rWFadb1cH7LD3dFD4=
Enterprise,U3f9jbg0XG92yP4bky74QNH0eXw=
Enterprise,1AhJdoxrjcq/IQOnaJO1VtNeyDM=
Enterprise,9UQ7OIG428PTdchX57HM3uv3tVE=
Enterprise,Br5xxxCGwRTP1IBh/RbGOlXyygo=
Enterprise,AnSt0u5AmsqxCFlazNQ+CgKwjyI=
Enterprise,v4qVdGdVzo4VqYOV5O5OJK1+f+o=
Enterprise,bOd7Ov0SCg/6Oi8i0SJd7qW06go=
Enterprise,zTVnrt7ot3aaUkz20snIADfBbpc=
Enterprise,2+V5E1IPSJBk8ep9ehv7THoTzyQ=
Enterprise,vX79tGVoymzR4A91Sf3sUOG+C24=
Enterprise,2DkF5LmjQOkMk97dpc6fTwGWbOc=
Enterprise,NG71sCb/s5MofUBNF6PiqvJq7rk=
Enterprise,mejJhd5Wh5389vPH7g0qWGHNg+E=
Enterprise,yQ8GaQCY1E3t5sCtmBJt5PCRrOM=
Enterprise,PPAIpr08a20Y4w+RE3zyVoJZj1E=
Enterprise,uUBmYa9DkMhVpaFB4MjQctKEm7I=
Enterprise,VwN05OTMQvJuBpu115G1u+ieQGg=
Enterprise,WyzY21azO0aH+QMXdrTUTSCeiVk=
Enterprise,dSpakNTm32pwYSccB/q0rvrWEOI=
Enterprise,K+ArQZ0U3ZKPM1F0O/DuRsxEccU=
Enterprise,GRqT1CrQmge9awNJTy8pJKVjQLw=
Enterprise,PK8ZPOGaaC/+IS+GcGnplyFVOjs=
Enterprise,pksgGO8Y2ECy8h9HRUI/kfNo8gU=
Enterprise,Jj0TQ07+d4tfs/ws/JLc6/zJr20=
File Share,I5yldnr6yWQVk0ZM4CvEVNasB6k=
File Share,iF4OmZRMRD2pyIVvwtRwEjGTrnE=
File Share,FWWthWI93Fiy1mJAfyWI5qwfaHI=
File Share,jtk9IA3PHJpbMkV2q9wlqvSz2iw=
File Share,6IDg/+nu1kPmP/+2q0r+wiqhgxM=
File Share,+w9LnWGLft9x1NkZj4o2/TSYxYg=
File Share,/ae4NDXk9WSeQuOvIpXTcbtRHQw=
File Share,J/Coh8zPb5rPgtbFboVzVLVpYFg=
File Share,4PtufFN4JfKbdxfwV6QmEsrjIEw=
File Share,1LWnqLUt7iKViaN/EqSWuMDOW6w=
File Share,bKRt8ROtOJYA2Sr5qNohNMiLJ2M=
File Share,6lhJFVBt8Eq3wqaJ/ddgs5vu/SM=
File Share,zrVt4F0peNC3zmP05/ja93WAxvI=
File Share,rIir19+qj3p93HuJDrZ1cDDgk/Q=
File Share,EaZAREF/fpkPzh7UHKDvAfeq+jA=
File Share,kUSiJ2YQO6otfoM+kzwbCe7mWxQ=
File Share,Io4JFYiHL5DfWEfBpV6y+syecb0=
File Share,+nTEHAf17gaOYbL3M0Qz5iWvVkA=
File Share,RDOt1Tz0gRHaRpOV0xxaZXmhYdg=
File Share,ecDZkGR5wH4rtLPmQPLAlAMc36Q=
File Share,gHU8mGV0FTcyEDUEQm9FkJJo+Ws=
File Share,gMSUiYrJBhCmfJVQLSpWtK9JY/E=
File Share,h0SSX96qGN3YSk+v0+mbLstObnA=
File Share,Q2pWGbtrwYd5eSH7P2pC82RRg3Y=
File Share,GQJa9ajoUiegejgKfkUuKYBC+Yo=
File Share,sFgjZlxlY1fdbY2F04PiMNZ5rqY=
File Share,YWKf3ofBCdUQqd2REvhg3/5Eke8=
File Share,7hgVzreUSJuK/f4w2l48Jqe/6Zo=
File Share,8DnwyYXv6HqA5aN4GG3hltw/fVM=
File Share,iRlqspGdW+L0kGxfzHqDjxrhABU=
File Share,+/H1I3SEttyMomwkNBl7po7o2kg=
File Share,KpWsru3qWt/LSi9J/JBnVpqcKQs=
File Share,fyAmBm0zzjVouH5XZNtgad4DDuU=
File Share,QBFcp/78ojsAa8M/Y3TmixQla/8=
File Share,I8aQsr6gdvLPZY/MmE6zT1Q8GAY=
File Share,5I/1Tnyq6G00eJPSJW9dM12VmVM=
File Share,cf9VlBLGC0HXT9eKlPXtzfp3Pn0=
File Share,PbLwNYBP1zkPZSfbWgl+OkX+K/Q=
File Share,B8KWTEH0CaIk77OJ8oImjkkouF8=
File Share,TgIs5Ph9kzNae1O8rxOe/dDcaeU=
File Share,/jhkkcZ/XTzRdrQaWsQzhFo0oww=
File Share,nbCrPF4n0G78j1XnqkH9zfNQdcA=
File Share,CNWnahNrtlIKwiVnn0vINHYaVnY=
File Share,wuNuctGqhL3Wm2t8P++d1jg9zqY=
File Share,mno3eeOpIkibG4lzPs0Ropbkyig=
File Share,vTMA6aw4L1/WdqMy8YG9EG038CU=
File Share,5caljGk/oZ3P9KpS3GKi+bzLUCk=
File Share,TM4IPaR32Rhmem6PR7wnkTbvXM0=
File Share,XDmcSpJnEiYWz1Zg9N3NIz6H0aY=
Image host,vz449c8tQhm12Fvj3gRgOKqVng0=
IT Services,8n7aDRoCi1p3YPtUYCQfKIlhxQ0=
IT Services,MxPE8rg6RMQXAUc3u4q5dMvps+c=
IT Services,wqFGzmzfZUGVqZer6B3gfSYxgr0=
IT Services,b4zy9Zay8cvCo5NgzOCC5T5oUvE=
IT Services,letMKCFT5zAEq8/6I4CpjQbFlVw=
IT Services,MuaFZJE0CxY1j/oMVTUisjGbqLw=
IT Services,/zQ2QnM3I4szLJqPGFgT8FHWEXM=
IT Services,42GNbH9mmkbugBCeqnBtRQ5tqHc=
IT Services,7vNTGVsjOVC6Y/o6Er5tCt9f2SY=
IT Services,1cmirPIbMPzykV6ChoKueLPawUs=
IT Services,d8uKSpmjaxD4yM33sRd8OD5F3mQ=
IT Services,fnfsPhWSM7OgrjYbFfIXCeHsj4w=
IT Services,4JP3SV+z/iOLEY57+wQ6yFhk9Og=
IT Services,zUhHpvtGVaOa1es5QdQoGcOzoFQ=
IT Services,Z+vaACLNTaoY6zQB7z5bsr8xjEQ=
Consumer Apps,p0dfl26Q513fjBolGBXA/IOg+tc=
Consumer Apps,w3lLlPWLPC1Mfw7bqtjORjRH9sA=
Consumer Apps,dMD9oQVLBL8+I2XUZ+MqR+P+uns=
Consumer Apps,oO1rcONRvN3W25kRp365pOQ2rhM=
Consumer Apps,b4zFG1T4lTXq+ptENzHZgy3hxFc=
Consumer Apps,RxvBVGw6J7zVyuRhNY5wNGIXK0o=
Consumer Apps,ru4Yl+vfqREDjF/tgbbauH/2YNs=
Consumer Apps,nv7GYFTgISSYhvfB33thP6dkTRc=
Consumer Apps,G26w5ZFBwqpjVrQn/yQt0p8aB1Q=
Consumer Apps,yOJNcj+Gw5Q8w3UpwtzF6VCSaEs=
Consumer Apps,l6O6ytdJqMEhNjOljdVWT08GSAc=
Consumer Apps,LHFWYybNAPA900xz6KNHUIG7KY4=
Consumer Apps,ar1IfYCJuMNog1+htcrAAUfkuH4=
Consumer Apps,wp+1DIjjFBW1X7CHbc7Hhg+Rqp0=
Consumer Apps,Gwz9aTV7fCD7Va38j+Wvpt3/6Ao=
Consumer Apps,J8fFdrgV1UDai1gy/TBUQVUU0c4=
Consumer Apps,8IcgwTSgmz47lA5fHrZJYXojeQ8=
Consumer Apps,ekFGsXJz7wnxhblr/rw/Hl7DAGM=
Consumer Apps,8JBx7ZdLnHLKoCWRKZMQ2i9qKxM=
Consumer Apps,BMb7//LUsgkPRaLHMO/Xs2B0hnk=
Consumer Apps,oX4HPZ4udJoMxQjEu9VhAuElRds=
Consumer Apps,FxWB930iW7ScW6NDGeulDxjT0Jg=
Consumer Apps,fR/Gaxnirj+GT3+idgn80l8qqb8=
Consumer Apps,Mf46iRDWupIhPUOUFtVnSYQ6XGE=
Consumer Apps,iB9o2aZS2LSfnXP+EopcPfrGhHQ=
Consumer Apps,zfksgmZzNfD3ZSUkdufcS+8k6A4=
Consumer Apps,6eHSmYTHxr7fGMKvmeJ9Mihu4UQ=
Human Resources,6UgsXjsDyoyHC3YAuHpebSFyffU=
Human Resources,eSfxOHEa19GHabxNCuuxXP4AEQk=
Human Resources,SYoEDrLTiZZ0vdDCtYsq5Duu8as=
Human Resources,25U7GmOM62Qx27QZAARJvj8UPGY=
Human Resources,kCF0eTPi4KWi1YbT8IYu19obVms=
Human Resources,OPk9ze4v1r9zWi7t5c5SKgtT4rc=
Human Resources,UhhvpWKigxMbxOpmUv97Nu8L5nQ=
Human Resources,OqT1lLM3nfR415k3ZZryAJ3KDt4=
Human Resources,sW7fReZ9WQQdhj26f5tdfKr+cJc=
Human Resources,CYpGPti9w9X+goDvMyNRHwL8JGs=
Human Resources,OtAqyNGL0PFJokAuj+nlktkt/8Q=
Human Resources,LPBGAY6oPD5Mz79OQvb2cKpvSCs=
Human Resources,B29JYkPoKbCwtmS/1LMGpM9hWeI=
Human Resources,f6NSixGN/hZxN+Sj7QQk7xEWHGo=
Human Resources,Z2w3Oois7HN/l3ekq4E8UASlCjc=
Human Resources,fuibQYBADbZFr39yj4X6MD5JkNs=
Human Resources,5j2IvXvzBgRY3O2gPDDM28gMA3s=
Human Resources,HcXcho3eLxJ6xmIwKLIrMuOlOmk=
Human Resources,ljfpPQWOb/V8TSYnzgoMQyU+luo=
Human Resources,jRrsi7aX9m1TX2cL7RmjgRmQaVM=
Human Resources,KD0UcGWjspHNBB85V6tUJye2ZuQ=
Human Resources,q/yvtdAXiI9qZg/BxxSwKrLFjBI=
Human Resources,7LBTyTiYUanxA5n4R8PtyeaCRGw=
Human Resources,wBte8seOhnAW/tKBI4lP9l1K/yE=
Human Resources,y4aXZLwiJr8E0KcAEgUJ5d9hksY=
Human Resources,diqSTfahTyBQVzrhAdOcZbMzPf8=
Human Resources,acBVT1U7s+PxFTO3osrFQd6OHsM=
Human Resources,iLFxCCVzthKDDB5TWXBEq+se+5U=
Human Resources,B5ODbKa3s/mOvrUgEvReSO2jKyY=
Human Resources,RzdxYeygsTgXs4CLHFq6AB9QXYc=
Human Resources,rlGduuxKJdaMo43b9bXeUTNYaXQ=
Human Resources,RJJTEaWuRYNm6lJ7jMBAbipW1e8=
Streaming Media,6K2GFCfsEhtYjgPLU1Hln4t5IZM=
Streaming Media,O/CzaZu9zuV/+hrgshrw93rIHfU=
Streaming Media,9qvkZPZlqKGsMpu+f05ZphRcMeg=
Streaming Media,Ih8OLthUeLz+Lr62J2AOmXrZLZI=
Streaming Media,8Q70T8ZBhITWZ/k2FG5mFJLKf5I=
Streaming Media,ehPvu5URZtJbQ6dzZBrFX+zSw3E=
Streaming Media,/LtsIi7+ehgHLb2jRaE45Vea1gE=
Streaming Media,BDZ4kgKz0BPZzzQSJEXs8QsM9LU=
Streaming Media,KK9uSMIEQAh+kXfrpsPhAt9vGvY=
Streaming Media,3bxdHKB689SxrHb9ePiUp9wXkuM=
Streaming Media,h8SJpB2qSjczldhwQj6mOCC3Bj8=
Streaming Media,RCJ1K3tZM1+YwhAKsuUOjctjn7w=
Streaming Media,Koi1EC4JOIhO0fvFiDllitfCEWQ=
Streaming Media,ygJP1rQR2lQrr3H52yb4Klj7z34=
Streaming Media,Kcx2t7N3+5196YOMof3ws1nCa8c=
Streaming Media,q1yXWk9+2Kb9u4gUSppB36VrRVM=
Streaming Media,/pCfgRW9P/jfLvrcad93hXRtUYk=
Streaming Media,Kgy2tCrdeAimqzYZkw+nmDyc5/4=
Streaming Media,VYhloW/rn3Ubi86/RqlUr766CyQ=
Streaming Media,70oMQ1/SIWImVXNUA32VOflKFz8=
Streaming Media,Z9xGtrLavwfjQ70vayqjKn5XAkQ=
Streaming Media,f9eEf4Q3GXqxfdSBPaF+UyuNZQM=
Streaming Media,Rjv5RxL2KvfDSXvYeMkaBG5cikY=
Streaming Media,3w15rN0k0vqT98U0o8dTpk/5Je4=
Streaming Media,d7XS1zi1Thk4EihqZapWmPYdKz8=
Streaming Media,3f6vyZia8IOI8z4J9rZv2kzv/vE=
Streaming Media,yPNbT3x4gQXdVLnFwYYbDLVs2dQ=
Streaming Media,fYNfFpNgWFNmUpH12c+G5WT+BuQ=
Streaming Media,Bak2J2KoIjH7tt/JLRjCkqwaUto=
Streaming Media,H0fnIVgmQ4ATaENkNDNyeZ1Ib9U=
Streaming Media,K8KKlw/5j1hQnlTTDPZ3ZBDkQq4=
Streaming Media,/TT46GHx65+AptgowNVbmtFmNH4=
Streaming Media,I84j9Fl25xqdu9PnKK3mrPbyBn0=
Streaming Media,bNHJWEWsbIlu+urQdaW+ewyEgBU=
Streaming Media,HzKhitNYN4gy5rqEXUO/Hq68nKE=
Streaming Media,ORpG0w31NAy3r77Bt27osJXJnRM=
Streaming Media,cNWTI3yId5gQOEqfQYiMjCxeZcE=
Streaming Media,Vk7CuLUidZ8D+L1ZrVyyMHQVjWw=
Streaming Media,IMJKKKcQjNFXDI7+P37coRJnZkU=
Streaming Media,7z7QEQYyCKeeCtHOff9bZ7Fvi1A=
Streaming Media,gN7s3wUU2nEjE+XGAyADzHidu44=
Streaming Media,YVsZdXfU3l0Ri1OmatBI61KXWbc=
General Browsing,weS9b7jqehb17Cq097xqgzeNgPQ=
Hosting Providers,iJMY8v1Z8mcODsPGDYHvJdF+gU4=
Hosting Providers,p/v/0Ta7QcjPi7AY6ZOdcJJDI2w=
Hosting Providers,RReAwVasCK3LfEDacjfGuQ5hZtQ=
Hosting Providers,2C1g7JoktabwUkxBdYjKJYDAIGU=
Hosting Providers,bAKWlP/4LZUZNugS78ac5Cuxqx0=
Hosting Providers,fZ2kMV5iffIuYArnpCUMPT5F0gQ=
Hosting Providers,Us/QaV/7tzXbKBzuBAULdR4jA5s=
Hosting Providers,TDeETtSSvCNCETa+p7qA3Oiy1Lk=
Hosting Providers,zhslvvyjgtDB+/dg3mzhZe16Dgg=
Hosting Providers,+omicPUPQ/evgspCiyyIw4mMTLc=
Hosting Providers,Q0vn8cxuvDnLdO8k8ORfHF4mlIY=
Hosting Providers,0+ANJLNJN+ibrNNOB/+xnzvEqaU=
Hosting Providers,Sf3j5Ja2PV/JfKzJI62xyut2Mvk=
Hosting Providers,TInf7Ga56NDTGwkYUcq8sXPaNdc=
Social Networking,AFeC8AbjgiXShYgHuLnaplMb4RA=
Social Networking,2xurjv77QUhjCci+rA9PHHxPoiU=
Social Networking,aPI1srsxxL5HAd72UPlcPSqoa5w=
Social Networking,yZHYHq2hSuM+eAvCfgFFf88pXNE=
Social Networking,88IxTp2RbZerXgLXzu1xc7qP8c4=
Social Networking,PRnGSAakXa5gHP6K8o1kLf3hlGw=
Social Networking,PzACPHOyBDox41u+bb1tFIU6Glg=
Social Networking,KZgiPbyt6C3jGGNAt6X5qUqUW7E=
Social Networking,rxn7Ar+01Se1RKy+HRIM/lAh4ww=
Social Networking,rwafj8B9KDmVmL0ACo8gQJCjg0I=
Social Networking,0yG34mNpG986InEWjt4BsEOZs7w=
Social Networking,J6pn0Rh42jBJZ18hj5giMY0nv2c=
Social Networking,mxVjcPCWXIfk+8/bycFxerd+XeI=
Social Networking,93Virg899fYfNXQYiRuFqCtfGxA=
Social Networking,GYr0e020Z17bFZyv6ZsVQXnIQYE=
Social Networking,DefnWb7kODdtmo3hEJQviR/kd6g=
Social Networking,NlAHbfD+lqVZKWHnkr0DdR1yvCQ=
Social Networking,gtpnshEkliTyTzx9tWQqURLJRG8=
Social Networking,a2OQpEFhMfgrb/tQn253nl3ZYw8=
Social Networking,7EhG3R8G+O/S0lallXez+q67vxI=
Social Networking,hsZ31zD4mCodlecDMwUCAumvKpk=
Social Networking,IhJXJpb1JdsdOer5FWgifEvOIlM=
Social Networking,VyG770CyK72y5qBisJbZtIc1wv8=
Social Networking,pFp5lJc6I0+ujkdZElsnf5ODhIE=
Social Networking,PpOB3vWgegyTqX1gIby1Q+pjX/8=
Social Networking,V3rBoY4FY2JEtkIRZTLMYalj384=
Social Networking,jI3663ZJYU4JgWBUZYquPh15yXw=
Social Networking,yEenDWvau+6kfUyzWC1YujgYGJA=
Social Networking,jc+HdyfVjsP3BNJGOWzfYSdY2Pg=
Social Networking,yXMERmbhjgW9ajdaQDlaRta9ar4=
Social Networking,+w9ie3VOYpWaD165IeEJ4vIbSHU=
Social Networking,DmoGSRisajMCF89MZTEdq70GGzg=
Social Networking,9kAfPPVn/HD+qx/oWj1VLak4+J8=
Social Networking,so8m3c9pNze/22FBFFbtxNbnxs0=
Social Networking,uJS8Pl0xSMIsD1rAT9HnFQVxEaU=
Mobile App Download,RPB6Kqy0vBSmlFinn6AMIwgXULI=
Mobile App Download,3aR8VVYb0kOnOjx52C+nRwdEYJc=
Mobile App Download,9UTFnbENAAcECoRoKQDr5nwKd2U=
Mobile App Download,DF0+PqWFRnMaJopIREUkHQyTn84=
Mobile App Download,2b1MAXC3u1yI0RS4xH2fv1Gtc34=
Mobile App Download,2mi2Euw2BR1SwX+1Y1yhOg3oFe0=
Mobile App Download,N/gAfUt7MK+euv2it2tXrMXXOA8=
Mobile App Download,oXGj+xGvXWxqrk5YNGuR54bn9D8=
Mobile App Download,ax92hoYCXMQ5wYjGLwD6OXB4iFM=
Mobile App Download,o+uJelET80rdH2OcxaSlqmgCI8Q=
Mobile App Download,HYmTHpKHhKyJGBpFPEZSkTwiDGc=
Sales and Marketing,GUbDGu7wMNtJWw4TrRQD6csKp6I=
Sales and Marketing,5eQpvMnC5KQaPHpNliA75ssnOxE=
Sales and Marketing,UXKt4pXv2P7NY2RyGcGJIN+EYxo=
Sales and Marketing,VeqnG/pKjDUu1BR2rQjk/qy3BvM=
Sales and Marketing,SdZEBqwPyXCp/xrKua5a1rHM9Dg=
Sales and Marketing,RRN+zttPSDseqlxtk5yn2/PofWo=
Sales and Marketing,okkCuas9DirjrtZXOB8THAyxyHA=
Sales and Marketing,d7fiOTNJPxcnGISbeU3C3NYFIJo=
Sales and Marketing,TXEVrFRz3eJu68BmPlYX4LEUURY=
Sales and Marketing,/JSBzMQjEDdwAer0tl8Lp/Qykdk=
Sales and Marketing,KYgLt3iVoQ3Dy5boxKTazF6Lx88=
Sales and Marketing,UTTMl9p+BuGB9HVAIArzzTD1mnQ=
Sales and Marketing,q8M7DzZBMB4o7FyguvjNK85pnXE=
Sales and Marketing,EyDOdzKN0hWFF8E4mYbVOhyGoPU=
Sales and Marketing,/vpD2N6FXJ6TDEMYsisGqnrEWe4=
Sales and Marketing,LHsZGFjk8ut2bjTRALIz+FjozvA=
Sales and Marketing,m56LmGKONmTeB4S/zv0sb9WJutE=
Sales and Marketing,b7Z0CKu8aTIrnG4YVT+Ez2rIpck=
Sales and Marketing,TPcsIuZDqoDoO4UdHPN89Xm89Js=
Sales and Marketing,uEB+JaMZ/f2HhGmLQRJLYRfd22s=
Sales and Marketing,xRpE136XfkunPS5t+gvsztm6NAI=
Sales and Marketing,uvdIoD/4d3XTOvJV3wm8Fd54HJs=
Sales and Marketing,Elu9jSdR4wYBOhLbtNRC6iGPoOU=
Sales and Marketing,fqAU3nv7ak58mg7NMrRtWl5eBmY=
Sales and Marketing,3txRf6IkFPcrIoQxBSljTGaxavQ=
Sales and Marketing,IldyFgHnfHujPyM30d/pSnQ8de0=
Sales and Marketing,oTNmc2c1sqvWeo27o5tpZB3puRE=
Sales and Marketing,9VXvTg/Dju4bptWWQvLXBTCeJA4=
Sales and Marketing,YAoNofLpih4T0p3h6oXxD41wdvY=
Sales and Marketing,oqfrLi4iTz+tONEYCOkuV62Go/w=
Sales and Marketing,aTKPFDTI78WWLdaijCVtO5JMlFg=
Sales and Marketing,xbpKNVqN25BNsm88py7E14t3zG4=
Sales and Marketing,r3iZJBprAWP4uEhNupgHm1xoKRw=
Sales and Marketing,L88+vsOnej23f5EITqvl1vwmbMw=
Sales and Marketing,XRcYe1BC+cHNh3IJJA/Dw4eSqCI=
Sales and Marketing,gMmZOe1GseBpjJhl48UK/YxzAO8=
Sales and Marketing,WF7SWdqz9fGKHttEWw7y3+UedcY=
Sales and Marketing,Rk9hj5cOt/FjtuwbcINixHwt3JQ=
Sales and Marketing,3E2RyP5yA9DNmRV09lXcW566Klw=
Sales and Marketing,joTKLM3VXYBhYd8eG+aGJGTHT+g=
Sales and Marketing,vkzV6RRf0HkWWat44/1sx96d/tg=
Sales and Marketing,hvN+TN/mAHQSfed4fRwgl+euepA=
Sales and Marketing,7QCxW/Agjd8drkzsdvVouvFAP6A=
Sales and Marketing,zhNhdjM94Eiyzd92MpfbgEGfNew=
Sales and Marketing,WMcCU+re+67dO6FrMvvtzT4If3A=
Sales and Marketing,QbIwYOC22qlXX0Wu+SExM11m108=
miscellaneous module,OUQoo4y4+Kzr/F8i5K/Utr4YhWY=
miscellaneous module,Zxzs3UOitRniZlkhJKBX593knu4=
System and Development,7xXrYpzDyDVo3H2JonicxDCcHh4=
System and Development,oQDM3346fr1v9MwKU2rHGBi8CGA=
System and Development,nEFkgNAwz/NQdFgqookS135iv0g=
System and Development,Bh1QRUIhIrG9j8Md/okkMYlUqcw=
System and Development,7PxMuxLhApU34WFCZwl46FCrj1I=
System and Development,/IIwtBGa1LmU2yMk1x9OCuetkyw=
System and Development,xTztMfeFoYiLNI3gUFcBH+3Tvkg=
System and Development,GE5LiX2ljMFKBbxKt/Ad7j7uLIk=
System and Development,XKngWD2tMlZqYztPPRKxB1fhxgM=
System and Development,n+9HT12bNc1mxrM07vfv3KDD7b8=
System and Development,Mh/2bsfopFxKqvaQXGZ4KljgvdQ=
System and Development,TUwQ6R+TdgJXyPbuYQIWmL3ikJU=
System and Development,uPefA9SfxVvqwBhl6GcT28xO/KQ=
System and Development,a1bv/UZH2/wMBgpanF7aTj5jmo4=
System and Development,qiNPth1R5q+nIJt/lDgSyIYP7yA=
System and Development,/ijqvd+aeNyvpZkl+H6ztua31Qc=
System and Development,BK/gZ9xoYJPo4mmvbOCW0dQ9H6Y=
System and Development,qYiFz2zASl28V10xp9otc9H7lb4=
System and Development,F24bYqcWdauRjKXRu8Qmwd5TDss=
System and Development,L3zQEEuzyNGqZQcrgkYgesT3QXo=
System and Development,1qTxtD5p+B3Ifj+rrSEzxgfNcoY=
System and Development,8BCqHVvAVo5elZRD8lOq9q/x3/w=
System and Development,YQ8GZM++eDFcxOPu9xad2mT8eNA=
System and Development,qHnsHEAC6h/li7ZQnE/YM61g3Ss=
System and Development,OQm1u3mMYmpFX/bOdjLTZolMRVU=
System and Development,z5DCl8p/jOc5eEK67tKo04KsiR4=
System and Development,1fHXAApuOIKigoBRWg6Mu78lQMc=
System and Development,SOjpOx9EU2YTo8q3hGgO0k44x2o=
System and Development,P8nVm4HVbWHHbyeQ2z8NemHMXD0=
System and Development,aLlMuMXoRz9nk5XTi0ApmquoG1E=
System and Development,QZR4lbDlMRg1gKM0/7830d7Mpdc=
System and Development,yIhnhI0TpL9uOy8SEp6Dtqzg3QQ=
System and Development,Rk/j6H2RU3UVJb2GaM2tLtjeHGQ=
System and Development,ZqLC4TnKC3RbAlfFpEroCsk4zFo=
System and Development,VlvDDYKhzT5GQXRtZIb0D40dUHQ=
DNS Over HTTPS Services,1rPVvscbKWjFrycp0xiI0x4pHg4=
DNS Over HTTPS Services,M7jvZKqulIlk2qoVGne5qluuxUo=
DNS Over HTTPS Services,Cj7WgDstz4A1tOx9J6nPb1wyGgo=
DNS Over HTTPS Services,wtnHeuXxJYIhU+ASB9Yk3vUCjqM=
DNS Over HTTPS Services,WbH97n7GLdgR7i/SzrRHc9tmmZ8=
DNS Over HTTPS Services,pCXFccawN5aifuSW2ksmx2Ray38=
DNS Over HTTPS Services,VrldYReC90/WJcnRuiSefo6mt8I=
DNS Over HTTPS Services,EeOJQHkv5Oxghfzj6NVJCpGhvfo=
